# time [s], Channel 0, Channel 1, Channel 2
1.898333299999999824e+01;4.102540612220764160e-01;2.542153000831604004e-01;nan
1.898666599999999960e+01;4.366216659545898438e-01;2.620279192924499512e-01;nan
1.898999900000000096e+01;4.212405681610107422e-01;2.588540613651275635e-01;nan
1.899333299999999980e+01;4.495765566825866699e-01;2.608072161674499512e-01;nan
1.899666699999999864e+01;4.976730048656463623e-01;2.744792997837066650e-01;nan
1.899999899999999897e+01;5.013504028320312500e-01;2.791180312633514404e-01;nan
1.900333200000000033e+01;5.140459537506103516e-01;2.832684814929962158e-01;nan
1.900666700000000020e+01;5.264973044395446777e-01;2.942549884319305420e-01;nan
1.900999900000000054e+01;4.759441614151000977e-01;2.883955240249633789e-01;nan
1.901333299999999937e+01;4.522621631622314453e-01;2.783856093883514404e-01;nan
1.901666600000000074e+01;4.236820042133331299e-01;2.722819745540618896e-01;nan
1.901999999999999957e+01;3.384603559970855713e-01;2.417486906051635742e-01;nan
1.902333300000000094e+01;2.803387641906738281e-01;2.107423543930053711e-01;nan
1.902666599999999875e+01;3.384603559970855713e-01;2.043945938348770142e-01;nan
1.903000000000000114e+01;4.993820190429687500e-01;2.495613098144531250e-01;nan
1.903333299999999895e+01;5.655756592750549316e-01;2.847333550453186035e-01;nan
1.903666600000000031e+01;5.242999792098999023e-01;2.859540581703186035e-01;nan
1.903999900000000167e+01;4.722819924354553223e-01;2.761882841587066650e-01;nan
1.904333300000000051e+01;4.185549616813659668e-01;2.666666805744171143e-01;nan
1.904666699999999935e+01;3.384603559970855713e-01;2.371099442243576050e-01;nan
1.905000000000000071e+01;3.868162035942077637e-01;2.297856062650680542e-01;nan
1.905333299999999852e+01;4.913252592086791992e-01;2.620279192924499512e-01;nan
1.905666599999999988e+01;5.191729664802551270e-01;2.788738906383514404e-01;nan
1.905999999999999872e+01;5.306477546691894531e-01;2.876630723476409912e-01;nan
1.906333400000000111e+01;5.316243171691894531e-01;2.918135225772857666e-01;nan
1.906666600000000145e+01;4.258792996406555176e-01;2.676432430744171143e-01;nan
1.906999899999999926e+01;2.932783961296081543e-01;2.266117334365844727e-01;nan
1.907333200000000062e+01;3.792477250099182129e-01;2.244144380092620850e-01;nan
1.907666700000000048e+01;5.345540642738342285e-01;2.661783695220947266e-01;nan
1.907999999999999829e+01;5.523765683174133301e-01;2.844892144203186035e-01;nan
1.908333299999999966e+01;3.311360478401184082e-01;2.383306622505187988e-01;nan
1.908666600000000102e+01;1.440756916999816895e-01;1.672693938016891479e-01;nan
1.908999899999999883e+01;2.715495526790618896e-01;1.665369719266891479e-01;nan
1.909333200000000019e+01;4.861982166767120361e-01;2.249027192592620850e-01;nan
1.909666700000000006e+01;4.031738638877868652e-01;2.234378606081008911e-01;nan
1.910000000000000142e+01;3.018234670162200928e-01;1.965819746255874634e-01;nan
1.910333200000000176e+01;4.542153179645538330e-01;2.278324514627456665e-01;nan
1.910666700000000162e+01;4.810711741447448730e-01;2.500648498535156250e-01;nan
1.910999899999999840e+01;5.313801765441894531e-01;2.688639760017395020e-01;nan
1.911333300000000079e+01;6.666666865348815918e-01;3.230792582035064697e-01;nan
1.911666599999999860e+01;4.415197968482971191e-01;2.849774956703186035e-01;nan
1.911999899999999997e+01;1.890135109424591064e-01;2.021972984075546265e-01;nan
1.912333200000000133e+01;1.785000413656234741e-01;1.626306623220443726e-01;nan
1.912666600000000017e+01;4.036621749401092529e-01;2.004882842302322388e-01;nan
1.912999900000000153e+01;7.050125598907470703e-01;2.991378605365753174e-01;nan
1.913333400000000140e+01;7.489585876464843750e-01;3.504234254360198975e-01;nan
1.913666600000000173e+01;6.212405562400817871e-01;3.465171158313751221e-01;nan
1.913999899999999954e+01;5.382162332534790039e-01;3.308918774127960205e-01;nan
1.914333200000000090e+01;5.340657830238342285e-01;3.264972865581512451e-01;nan
1.914666599999999974e+01;5.089188814163208008e-01;3.128252029418945312e-01;nan
1.914999999999999858e+01;5.272297263145446777e-01;3.128252029418945312e-01;nan
1.915333299999999994e+01;5.924315452575683594e-01;3.318684697151184082e-01;nan
1.915666699999999878e+01;5.699702501296997070e-01;3.304035961627960205e-01;nan
1.915999899999999911e+01;4.109864830970764160e-01;2.898603677749633789e-01;nan
1.916333399999999898e+01;1.777676045894622803e-01;2.107423543930053711e-01;nan
1.916666599999999931e+01;1.362630724906921387e-01;1.582360565662384033e-01;nan
1.917000000000000171e+01;3.553063273429870605e-01;1.909666657447814941e-01;nan
1.917333199999999849e+01;5.296711921691894531e-01;2.390630990266799927e-01;nan
1.917666600000000088e+01;6.652017831802368164e-01;2.984054386615753174e-01;nan
1.917999899999999869e+01;5.550621747970581055e-01;3.020676076412200928e-01;nan
1.918333300000000108e+01;3.809567391872406006e-01;2.637369334697723389e-01;nan
1.918666599999999889e+01;3.340657651424407959e-01;2.305180430412292480e-01;nan
1.919000000000000128e+01;3.687342703342437744e-01;2.288090288639068604e-01;nan
1.919333200000000161e+01;3.738612830638885498e-01;2.314946204423904419e-01;nan
1.919666499999999942e+01;4.974288642406463623e-01;2.566567361354827881e-01;nan
1.919999999999999929e+01;5.995116829872131348e-01;2.969405651092529297e-01;nan
1.920333300000000065e+01;7.181963920593261719e-01;3.531090319156646729e-01;nan
1.920666699999999949e+01;7.435873746871948242e-01;3.865720629692077637e-01;nan
1.921000000000000085e+01;4.637369215488433838e-01;3.365072011947631836e-01;nan
1.921333299999999866e+01;3.953612446784973145e-01;2.949874103069305420e-01;nan
1.921666600000000003e+01;4.627603590488433838e-01;2.935225367546081543e-01;nan
1.921999900000000139e+01;3.533531725406646729e-01;2.593423426151275635e-01;nan
1.922333300000000023e+01;5.326008796691894531e-01;2.861982285976409912e-01;nan
1.922666600000000159e+01;6.886548995971679688e-01;3.372396528720855713e-01;nan
1.922999899999999940e+01;6.090333461761474609e-01;3.421225249767303467e-01;nan
1.923333299999999824e+01;4.190432727336883545e-01;2.957198321819305420e-01;nan
1.923666599999999960e+01;3.299153149127960205e-01;2.561684548854827881e-01;nan
1.923999999999999844e+01;3.257648646831512451e-01;2.283207476139068604e-01;nan
1.924333199999999877e+01;3.890134990215301514e-01;2.334477752447128296e-01;nan
1.924666600000000116e+01;5.247882604598999023e-01;2.630045115947723389e-01;nan
1.924999899999999897e+01;5.272297263145446777e-01;2.842450737953186035e-01;nan
1.925333200000000033e+01;4.241702854633331299e-01;2.600747644901275635e-01;nan
1.925666500000000170e+01;2.854657769203186035e-01;2.136720865964889526e-01;nan
1.926000000000000156e+01;1.255207210779190063e-01;1.477378457784652710e-01;nan
1.926333299999999937e+01;1.640955209732055664e-01;1.294270306825637817e-01;nan
1.926666700000000176e+01;4.901045262813568115e-01;2.090333402156829834e-01;nan
1.926999899999999855e+01;7.692378163337707520e-01;3.096360862255096436e-01;nan
1.927333300000000094e+01;7.838864922523498535e-01;3.616540729999542236e-01;nan
1.927666599999999875e+01;5.858396291732788086e-01;3.457846939563751221e-01;nan
1.927999900000000011e+01;3.125810623168945312e-01;2.725261449813842773e-01;nan
1.928333299999999895e+01;5.372396707534790039e-01;2.954756915569305420e-01;nan
1.928666600000000031e+01;7.626459002494812012e-01;3.672693967819213867e-01;nan
1.928999999999999915e+01;6.913405060768127441e-01;3.758296966552734375e-01;nan
1.929333300000000051e+01;5.748531222343444824e-01;3.572594821453094482e-01;nan
1.929666599999999832e+01;5.155107975006103516e-01;3.406576514244079590e-01;nan
1.929999899999999968e+01;4.717937111854553223e-01;3.201495409011840820e-01;nan
1.930333299999999852e+01;4.610513448715209961e-01;2.993820011615753174e-01;nan
1.930666599999999988e+01;4.691081047058105469e-01;2.920576930046081543e-01;nan
1.930999900000000125e+01;4.376134872436523438e-01;2.800945937633514404e-01;nan
1.931333199999999906e+01;4.021973013877868652e-01;2.630045115947723389e-01;nan
1.931666600000000145e+01;3.772945702075958252e-01;2.476081550121307373e-01;nan
1.931999899999999926e+01;3.111009299755096436e-01;2.231937199831008911e-01;nan
1.932333300000000165e+01;1.604333519935607910e-01;1.628748029470443726e-01;nan
1.932666700000000048e+01;1.423666775226593018e-01;1.284504532814025879e-01;nan
1.932999999999999829e+01;2.913252413272857666e-01;1.526207327842712402e-01;nan
1.933333199999999863e+01;5.162432193756103516e-01;2.144045233726501465e-01;nan
1.933666600000000102e+01;5.670405030250549316e-01;2.507972717285156250e-01;nan
1.933999999999999986e+01;5.516441464424133301e-01;2.681315243244171143e-01;nan
1.934333300000000122e+01;5.724117159843444824e-01;2.910811007022857666e-01;nan
1.934666800000000109e+01;4.727702736854553223e-01;2.815594673156738281e-01;nan
1.934999900000000039e+01;2.170901000499725342e-01;2.095216363668441772e-01;nan
1.935333400000000026e+01;2.312504798173904419e-01;1.824063509702682495e-01;nan
1.935666499999999957e+01;5.741207003593444824e-01;2.556801736354827881e-01;nan
1.935999899999999840e+01;6.549477577209472656e-01;3.091477751731872559e-01;nan
1.936333199999999977e+01;5.601891875267028809e-01;3.111009299755096436e-01;nan
1.936666599999999860e+01;4.891279339790344238e-01;2.971847057342529297e-01;nan
1.936999899999999997e+01;4.695963859558105469e-01;2.905928194522857666e-01;nan
1.937333399999999983e+01;3.877927958965301514e-01;2.583657503128051758e-01;nan
1.937666600000000017e+01;3.316243290901184082e-01;2.317387610673904419e-01;nan
1.937999999999999901e+01;2.476081550121307373e-01;1.987792849540710449e-01;nan
1.938333300000000037e+01;3.091477751731872559e-01;1.951171159744262695e-01;nan
1.938666699999999921e+01;4.173342585563659668e-01;2.197756916284561157e-01;nan
1.938999899999999954e+01;4.918135404586791992e-01;2.500648498535156250e-01;nan
1.939333299999999838e+01;5.870603322982788086e-01;2.879072129726409912e-01;nan
1.939666599999999974e+01;4.346685111522674561e-01;2.637369334697723389e-01;nan
1.939999999999999858e+01;1.946288198232650757e-01;1.929198205471038818e-01;nan
1.940333299999999994e+01;2.190432548522949219e-01;1.626306623220443726e-01;nan
1.940666699999999878e+01;6.217288374900817871e-01;2.656900882720947266e-01;nan
1.941000000000000014e+01;8.083009123802185059e-01;3.540855944156646729e-01;nan
1.941333399999999898e+01;7.360188961029052734e-01;3.719081282615661621e-01;nan
1.941666599999999931e+01;5.369954705238342285e-01;3.374837934970855713e-01;nan
1.942000000000000171e+01;4.349126517772674561e-01;3.106126487255096436e-01;nan
1.942333299999999952e+01;2.395513802766799927e-01;2.388189584016799927e-01;nan
1.942666600000000088e+01;1.111009418964385986e-01;1.638513803482055664e-01;nan
1.942999999999999972e+01;2.432135492563247681e-01;1.589684933423995972e-01;nan
1.943333300000000108e+01;4.612954854965209961e-01;2.117189317941665649e-01;nan
1.943666599999999889e+01;5.995116829872131348e-01;2.669108211994171143e-01;nan
1.944000000000000128e+01;5.553063154220581055e-01;2.822919189929962158e-01;nan
1.944333299999999909e+01;3.711757063865661621e-01;2.471198588609695435e-01;nan
1.944666600000000045e+01;2.056153267621994019e-01;1.892576515674591064e-01;nan
1.944999999999999929e+01;4.893721044063568115e-01;2.410162538290023804e-01;nan
1.945333300000000065e+01;6.620278954505920410e-01;3.067063391208648682e-01;nan
1.945666599999999846e+01;5.570153594017028809e-01;3.028000295162200928e-01;nan
1.946000000000000085e+01;3.914549350738525391e-01;2.686198353767395020e-01;nan
1.946333299999999866e+01;4.124513566493988037e-01;2.544594407081604004e-01;nan
1.946666600000000003e+01;5.059891939163208008e-01;2.759441435337066650e-01;nan
1.946999900000000139e+01;5.213702321052551270e-01;2.849774956703186035e-01;nan
1.947333300000000023e+01;4.583657681941986084e-01;2.752117216587066650e-01;nan
1.947666600000000159e+01;2.691081166267395020e-01;2.224612832069396973e-01;nan
1.948000000000000043e+01;1.770351678133010864e-01;1.677576899528503418e-01;nan
1.948333299999999824e+01;4.053711891174316406e-01;2.119630724191665649e-01;nan
1.948666599999999960e+01;7.269855737686157227e-01;3.086594939231872559e-01;nan
1.948999900000000096e+01;6.940261125564575195e-01;3.413901031017303467e-01;nan
1.949333299999999980e+01;5.308918952941894531e-01;3.177081048488616943e-01;nan
1.949666600000000116e+01;4.505531489849090576e-01;2.974288463592529297e-01;nan
1.949999899999999897e+01;2.268558740615844727e-01;2.241702973842620850e-01;nan
1.950333399999999884e+01;1.003585904836654663e-01;1.514000147581100464e-01;nan
1.950666599999999917e+01;2.820477485656738281e-01;1.658045351505279541e-01;nan
1.950999900000000054e+01;5.609216690063476562e-01;2.361333668231964111e-01;nan
1.951333199999999835e+01;6.827802062034606934e-01;3.076829314231872559e-01;nan
1.951666600000000074e+01;7.406576871871948242e-01;3.538414537906646729e-01;nan
1.951999999999999957e+01;7.206377983093261719e-01;3.799801766872406006e-01;nan
1.952333300000000094e+01;6.139162182807922363e-01;3.643396794795989990e-01;nan
1.952666599999999875e+01;4.190432727336883545e-01;3.103685081005096436e-01;nan
1.952999900000000011e+01;3.042649030685424805e-01;2.630045115947723389e-01;nan
1.953333399999999997e+01;2.625162005424499512e-01;2.170901000499725342e-01;nan
1.953666700000000134e+01;4.024414420127868652e-01;2.356450706720352173e-01;nan
1.953999999999999915e+01;6.554360389709472656e-01;3.089036345481872559e-01;nan
1.954333199999999948e+01;5.206378102302551270e-01;2.918135225772857666e-01;nan
1.954666599999999832e+01;3.680018186569213867e-01;2.566567361354827881e-01;nan
1.954999899999999968e+01;4.075684845447540283e-01;2.549477517604827881e-01;nan
1.955333299999999852e+01;5.411459803581237793e-01;2.822919189929962158e-01;nan
1.955666599999999988e+01;4.798504710197448730e-01;2.774090170860290527e-01;nan
1.955999999999999872e+01;2.600747644901275635e-01;2.151369452476501465e-01;nan
1.956333300000000008e+01;1.689784079790115356e-01;1.650720983743667603e-01;nan
1.956666600000000145e+01;3.438315391540527344e-01;1.843595057725906372e-01;nan
1.956999899999999926e+01;6.561684608459472656e-01;2.769207358360290527e-01;nan
1.957333300000000165e+01;7.018387317657470703e-01;3.291828930377960205e-01;nan
1.957666599999999946e+01;5.225909948348999023e-01;3.103685081005096436e-01;nan
1.957999900000000082e+01;4.778973162174224854e-01;2.942549884319305420e-01;nan
1.958333299999999966e+01;5.826657414436340332e-01;3.211261034011840820e-01;nan
1.958666699999999850e+01;5.452964305877685547e-01;3.155108094215393066e-01;nan
1.958999800000000135e+01;3.191729485988616943e-01;2.539711594581604004e-01;nan
1.959333300000000122e+01;3.245441317558288574e-01;2.354009300470352173e-01;nan
1.959666599999999903e+01;5.247882604598999023e-01;2.713054120540618896e-01;nan
1.960000000000000142e+01;7.602044939994812012e-01;3.506675958633422852e-01;nan
1.960333200000000176e+01;6.800945997238159180e-01;3.575036227703094482e-01;nan
1.960666600000000059e+01;4.676432311534881592e-01;3.191729485988616943e-01;nan
1.960999899999999840e+01;4.078126251697540283e-01;2.935225367546081543e-01;nan
1.961333300000000079e+01;5.350423455238342285e-01;3.049973249435424805e-01;nan
1.961666599999999860e+01;4.776531755924224854e-01;2.920576930046081543e-01;nan
1.961999899999999997e+01;2.129396498203277588e-01;2.144045233726501465e-01;nan
1.962333299999999880e+01;9.571984410285949707e-02;1.518883109092712402e-01;nan
1.962666700000000120e+01;4.760814830660820007e-02;1.015793085098266602e-01;nan
1.962999900000000153e+01;4.976730048656463623e-01;1.997558623552322388e-01;nan
1.963333300000000037e+01;7.858396172523498535e-01;3.059739172458648682e-01;nan
1.963666600000000173e+01;9.042801260948181152e-01;3.985351324081420898e-01;nan
1.964000000000000057e+01;8.249179720878601074e-01;4.280765950679779053e-01;nan
1.964333200000000090e+01;6.678873896598815918e-01;4.056153297424316406e-01;nan
1.964666599999999974e+01;6.315099000930786133e-01;4.000000059604644775e-01;nan
1.964999900000000110e+01;5.084306001663208008e-01;3.528648912906646729e-01;nan
1.965333199999999891e+01;4.268558919429779053e-01;3.216144144535064697e-01;nan
1.965666600000000130e+01;4.693522453308105469e-01;3.089036345481872559e-01;nan
1.966000000000000014e+01;5.123369097709655762e-01;3.045090436935424805e-01;nan
1.966333300000000150e+01;4.297856092453002930e-01;2.847333550453186035e-01;nan
1.966666700000000034e+01;1.848477870225906372e-01;2.034180164337158203e-01;nan
1.967000000000000171e+01;8.326848596334457397e-02;1.416342407464981079e-01;nan
1.967333400000000054e+01;3.150224983692169189e-01;1.667811125516891479e-01;nan
1.967666699999999835e+01;7.113603353500366211e-01;2.854657769203186035e-01;nan
1.967999899999999869e+01;8.735027313232421875e-01;3.780270218849182129e-01;nan
1.968333300000000108e+01;9.155107736587524414e-01;4.351567924022674561e-01;nan
1.968666599999999889e+01;6.796063184738159180e-01;4.122072160243988037e-01;nan
1.969000000000000128e+01;5.011062622070312500e-01;3.597009181976318359e-01;nan
1.969333299999999909e+01;4.002441465854644775e-01;3.186846673488616943e-01;nan
1.969666700000000148e+01;3.516441583633422852e-01;2.725261449813842773e-01;nan
1.969999899999999826e+01;4.859540760517120361e-01;2.925459742546081543e-01;nan
1.970333300000000065e+01;5.694819688796997070e-01;3.067063391208648682e-01;nan
1.970666599999999846e+01;4.100099205970764160e-01;2.774090170860290527e-01;nan
1.970999899999999982e+01;1.765468865633010864e-01;2.004882842302322388e-01;nan
1.971333299999999866e+01;1.020675972104072571e-01;1.404135227203369141e-01;nan
1.971666700000000105e+01;4.297856092453002930e-01;2.007324397563934326e-01;nan
1.972000099999999989e+01;6.056153178215026855e-01;2.595864832401275635e-01;nan
1.972333199999999920e+01;8.085450530052185059e-01;3.577477633953094482e-01;nan
1.972666600000000159e+01;8.542153239250183105e-01;4.114747941493988037e-01;nan
1.973000000000000043e+01;7.294270396232604980e-01;4.166018068790435791e-01;nan
1.973333299999999824e+01;4.109864830970764160e-01;3.345540463924407959e-01;nan
1.973666599999999960e+01;1.775234639644622803e-01;2.393072396516799927e-01;nan
1.973999999999999844e+01;8.082704246044158936e-02;1.648279577493667603e-01;nan
1.974333299999999980e+01;1.406576633453369141e-01;1.372396498918533325e-01;nan
1.974666699999999864e+01;4.427405297756195068e-01;1.985351294279098511e-01;nan
1.974999899999999897e+01;7.584954500198364258e-01;3.069504797458648682e-01;nan
1.975333300000000136e+01;8.945143818855285645e-01;3.958495557308197021e-01;nan
1.975666599999999917e+01;8.083009123802185059e-01;4.227054119110107422e-01;nan
1.976000000000000156e+01;5.670405030250549316e-01;3.755855560302734375e-01;nan
1.976333299999999937e+01;5.658197999000549316e-01;3.626306653022766113e-01;nan
1.976666600000000074e+01;6.075685024261474609e-01;3.672693967819213867e-01;nan
1.976999999999999957e+01;5.785152912139892578e-01;3.577477633953094482e-01;nan
1.977333199999999991e+01;5.438315272331237793e-01;3.435873985290527344e-01;nan
1.977666599999999875e+01;5.680170655250549316e-01;3.379720747470855713e-01;nan
1.977999900000000011e+01;6.039063334465026855e-01;3.474937081336975098e-01;nan
1.978333299999999895e+01;4.888837933540344238e-01;3.284504413604736328e-01;nan
1.978666600000000031e+01;2.358892261981964111e-01;2.402838170528411865e-01;nan
1.978999999999999915e+01;1.597009301185607910e-01;1.819180548191070557e-01;nan
1.979333300000000051e+01;3.555504679679870605e-01;2.031738758087158203e-01;nan
1.979666699999999935e+01;4.187991023063659668e-01;2.229495644569396973e-01;nan
1.980000000000000071e+01;4.073243439197540283e-01;2.251468747854232788e-01;nan
1.980333200000000105e+01;2.485847324132919312e-01;1.836270689964294434e-01;nan
1.980666700000000091e+01;2.485847324132919312e-01;1.658045351505279541e-01;nan
1.980999900000000125e+01;4.683756828308105469e-01;2.256351560354232788e-01;nan
1.981333300000000008e+01;6.608071923255920410e-01;2.869306504726409912e-01;nan
1.981666600000000145e+01;7.072098851203918457e-01;3.367513418197631836e-01;nan
1.981999899999999926e+01;6.363927721977233887e-01;3.467612862586975098e-01;nan
1.982333300000000165e+01;7.699702382087707520e-01;3.941405415534973145e-01;nan
1.982666700000000048e+01;7.663080692291259766e-01;4.202639758586883545e-01;nan
1.982999900000000082e+01;6.454260945320129395e-01;4.007324278354644775e-01;nan
1.983333299999999966e+01;3.098802268505096436e-01;3.069504797458648682e-01;nan
1.983666600000000102e+01;1.362630724906921387e-01;2.183108329772949219e-01;nan
1.983999999999999986e+01;3.553063273429870605e-01;2.314946204423904419e-01;nan
1.984333200000000019e+01;6.964675188064575195e-01;3.106126487255096436e-01;nan
1.984666700000000006e+01;7.501945495605468750e-01;3.633630871772766113e-01;nan
1.985000000000000142e+01;6.556801795959472656e-01;3.640955090522766113e-01;nan
1.985333299999999923e+01;5.216144323348999023e-01;3.352864980697631836e-01;nan
1.985666600000000059e+01;2.703288197517395020e-01;2.573891878128051758e-01;nan
1.985999999999999943e+01;2.864423692226409912e-01;2.278324514627456665e-01;nan
1.986333199999999977e+01;5.164873600006103516e-01;2.647135257720947266e-01;nan
1.986666599999999860e+01;5.189288258552551270e-01;2.737468481063842773e-01;nan
1.987000000000000099e+01;2.883955240249633789e-01;2.202639877796173096e-01;nan
1.987333200000000133e+01;1.929198205471038818e-01;1.775234639644622803e-01;nan
1.987666600000000017e+01;4.507972896099090576e-01;2.209964096546173096e-01;nan
1.987999900000000153e+01;7.548332810401916504e-01;3.164873719215393066e-01;nan
1.988333300000000037e+01;6.014648675918579102e-01;3.242999911308288574e-01;nan
1.988666600000000173e+01;3.557946085929870605e-01;2.654459476470947266e-01;nan
1.989000000000000057e+01;5.494468808174133301e-01;2.927901148796081543e-01;nan
1.989333200000000090e+01;7.216144204139709473e-01;3.555504679679870605e-01;nan
1.989666599999999974e+01;5.167315006256103516e-01;3.164873719215393066e-01;nan
1.989999999999999858e+01;2.271000295877456665e-01;2.358892261981964111e-01;nan
1.990333299999999994e+01;4.205081164836883545e-01;2.551918923854827881e-01;nan
1.990666699999999878e+01;6.144044995307922363e-01;3.025558888912200928e-01;nan
1.991000000000000014e+01;5.455405712127685547e-01;3.018234670162200928e-01;nan
1.991333300000000150e+01;4.209964275360107422e-01;2.783856093883514404e-01;nan
1.991666499999999829e+01;5.601891875267028809e-01;3.057297766208648682e-01;nan
1.991999900000000068e+01;5.474936962127685547e-01;3.045090436935424805e-01;nan
1.992333199999999849e+01;3.462729752063751221e-01;2.605630457401275635e-01;nan
1.992666699999999835e+01;1.504234373569488525e-01;1.789883226156234741e-01;nan
1.992999899999999869e+01;1.697108447551727295e-01;1.545738875865936279e-01;nan
1.993333300000000108e+01;3.567712008953094482e-01;1.843595057725906372e-01;nan
1.993666599999999889e+01;7.042801380157470703e-01;2.835126221179962158e-01;nan
1.993999900000000025e+01;7.770504355430603027e-01;3.553063273429870605e-01;nan
1.994333299999999909e+01;4.930342435836791992e-01;3.093919157981872559e-01;nan
1.994666600000000045e+01;2.595864832401275635e-01;2.432135492563247681e-01;nan
1.994999899999999826e+01;3.736171424388885498e-01;2.400396764278411865e-01;nan
1.995333199999999962e+01;4.376134872436523438e-01;2.510414421558380127e-01;nan
1.995666599999999846e+01;3.159990906715393066e-01;2.163576781749725342e-01;nan
1.996000000000000085e+01;3.406576514244079590e-01;2.119630724191665649e-01;nan
1.996333299999999866e+01;4.551918804645538330e-01;2.351567894220352173e-01;nan
1.996666600000000003e+01;4.261234402656555176e-01;2.405279576778411865e-01;nan
1.996999999999999886e+01;2.070801854133605957e-01;1.811856329441070557e-01;nan
1.997333300000000023e+01;4.312504827976226807e-01;2.214847058057785034e-01;nan
1.997666699999999906e+01;7.592278718948364258e-01;3.179522454738616943e-01;nan
1.997999899999999940e+01;7.694819569587707520e-01;3.658045232295989990e-01;nan
1.998333299999999824e+01;5.304036140441894531e-01;3.335774838924407959e-01;nan
1.998666599999999960e+01;6.415197849273681641e-01;3.575036227703094482e-01;nan
1.998999900000000096e+01;7.067216038703918457e-01;3.902342319488525391e-01;nan
1.999333299999999980e+01;6.148927807807922363e-01;3.780270218849182129e-01;nan
1.999666600000000116e+01;5.289387106895446777e-01;3.484702706336975098e-01;nan
2.000000000000000000e+01;4.459143877029418945e-01;3.169756531715393066e-01;nan
2.000333399999999884e+01;4.478675425052642822e-01;3.037766218185424805e-01;nan
2.000666599999999917e+01;3.323567509651184082e-01;2.525062859058380127e-01;nan
2.000999900000000054e+01;1.531090289354324341e-01;1.870450973510742188e-01;nan
2.001333299999999937e+01;2.273441702127456665e-01;1.648279577493667603e-01;nan
2.001666600000000074e+01;2.874189317226409912e-01;1.692225486040115356e-01;nan
2.001999899999999855e+01;3.826657533645629883e-01;1.902342289686203003e-01;nan
2.002333199999999991e+01;4.822919070720672607e-01;2.307621836662292480e-01;nan
2.002666699999999977e+01;6.202639937400817871e-01;2.854657769203186035e-01;nan
2.002999900000000011e+01;7.345540523529052734e-01;3.401693701744079590e-01;nan
2.003333299999999895e+01;6.065918803215026855e-01;3.372396528720855713e-01;nan
2.003666700000000134e+01;4.634927809238433838e-01;3.133134841918945312e-01;nan
2.003999900000000167e+01;5.599450469017028809e-01;3.228351175785064697e-01;nan
2.004333300000000051e+01;6.144044995307922363e-01;3.391928076744079590e-01;nan
2.004666599999999832e+01;6.090333461761474609e-01;3.511558771133422852e-01;nan
2.005000000000000071e+01;6.119630932807922363e-01;3.531090319156646729e-01;nan
2.005333299999999852e+01;6.075685024261474609e-01;3.631189465522766113e-01;nan
2.005666700000000091e+01;5.675287842750549316e-01;3.489585816860198975e-01;nan
2.005999900000000125e+01;5.155107975006103516e-01;3.289387226104736328e-01;nan
2.006333199999999906e+01;4.703288376331329346e-01;3.098802268505096436e-01;nan
2.006666699999999892e+01;4.573891758918762207e-01;2.957198321819305420e-01;nan
2.006999899999999926e+01;4.622720777988433838e-01;2.947432696819305420e-01;nan
2.007333300000000165e+01;4.666666686534881592e-01;2.908369600772857666e-01;nan
2.007666599999999946e+01;4.788738787174224854e-01;2.908369600772857666e-01;nan
2.007999900000000082e+01;4.732585549354553223e-01;2.874189317226409912e-01;nan
2.008333199999999863e+01;4.610513448715209961e-01;2.781414389610290527e-01;nan
2.008666699999999850e+01;4.017090201377868652e-01;2.642252147197723389e-01;nan
2.008999899999999883e+01;2.810711860656738281e-01;2.261234521865844727e-01;nan
2.009333300000000122e+01;1.511558741331100464e-01;1.665369719266891479e-01;nan
2.009666700000000006e+01;7.447928935289382935e-02;1.101243644952774048e-01;nan
2.010000000000000142e+01;2.349126487970352173e-01;1.264972984790802002e-01;nan
2.010333200000000176e+01;4.940108358860015869e-01;2.048828899860382080e-01;nan
2.010666600000000059e+01;6.361486315727233887e-01;2.661783695220947266e-01;nan
2.010999899999999840e+01;4.966964125633239746e-01;2.664225101470947266e-01;nan
2.011333300000000079e+01;4.158693850040435791e-01;2.561684548854827881e-01;nan
2.011666699999999963e+01;5.313801765441894531e-01;2.744792997837066650e-01;nan
2.012000000000000099e+01;6.832684874534606934e-01;3.333333432674407959e-01;nan
2.012333200000000133e+01;7.318684458732604980e-01;3.704432845115661621e-01;nan
2.012666600000000017e+01;6.688639521598815918e-01;3.794918656349182129e-01;nan
2.012999999999999901e+01;5.909666419029235840e-01;3.640955090522766113e-01;nan
2.013333300000000037e+01;5.355306267738342285e-01;3.394369482994079590e-01;nan
2.013666600000000173e+01;4.781414568424224854e-01;3.191729485988616943e-01;nan
2.014000000000000057e+01;4.239261448383331299e-01;2.966964244842529297e-01;nan
2.014333200000000090e+01;3.501792848110198975e-01;2.622720599174499512e-01;nan
2.014666599999999974e+01;3.499351441860198975e-01;2.390630990266799927e-01;nan
2.014999999999999858e+01;3.855954706668853760e-01;2.380865216255187988e-01;nan
2.015333299999999994e+01;4.478675425052642822e-01;2.503089904785156250e-01;nan
2.015666699999999878e+01;4.336919188499450684e-01;2.478522956371307373e-01;nan
2.015999899999999911e+01;2.500648498535156250e-01;1.951171159744262695e-01;nan
2.016333300000000150e+01;1.108567938208580017e-01;1.372396498918533325e-01;nan
2.016666700000000034e+01;5.053788051009178162e-02;8.986037969589233398e-02;nan
2.016999900000000068e+01;1.604333519935607910e-01;9.767299890518188477e-02;nan
2.017333299999999952e+01;4.637369215488433838e-01;1.814297735691070557e-01;nan
2.017666600000000088e+01;7.643549442291259766e-01;2.925459742546081543e-01;nan
2.017999999999999972e+01;8.649576306343078613e-01;3.780270218849182129e-01;nan
2.018333300000000108e+01;6.139162182807922363e-01;3.557946085929870605e-01;nan
2.018666699999999992e+01;4.356450736522674561e-01;3.081712126731872559e-01;nan
2.019000000000000128e+01;4.957198500633239746e-01;3.108567893505096436e-01;nan
2.019333299999999909e+01;6.043946146965026855e-01;3.389486670494079590e-01;nan
2.019666600000000045e+01;6.815594434738159180e-01;3.697108328342437744e-01;nan
2.019999899999999826e+01;6.598306298255920410e-01;3.758296966552734375e-01;nan
2.020333300000000065e+01;5.907225012779235840e-01;3.621423542499542236e-01;nan
2.020666599999999846e+01;5.343099236488342285e-01;3.409018218517303467e-01;nan
2.021000000000000085e+01;5.003738403320312500e-01;3.250324130058288574e-01;nan
2.021333200000000119e+01;4.883955121040344238e-01;3.142900764942169189e-01;nan
2.021666700000000105e+01;4.703288376331329346e-01;2.986495792865753174e-01;nan
2.021999999999999886e+01;4.383459091186523438e-01;2.844892144203186035e-01;nan
2.022333199999999920e+01;4.065918922424316406e-01;2.632486522197723389e-01;nan
2.022666600000000159e+01;3.833981752395629883e-01;2.483405768871307373e-01;nan
2.022999899999999940e+01;2.148928046226501465e-01;1.921873837709426880e-01;nan
2.023333299999999824e+01;1.587243527173995972e-01;1.467612683773040771e-01;nan
2.023666700000000063e+01;4.061036109924316406e-01;1.943846791982650757e-01;nan
2.023999900000000096e+01;5.526207089424133301e-01;2.463874220848083496e-01;nan
2.024333299999999980e+01;5.621423721313476562e-01;2.759441435337066650e-01;nan
2.024666600000000116e+01;5.435873866081237793e-01;2.874189317226409912e-01;nan
2.025000000000000000e+01;5.553063154220581055e-01;2.986495792865753174e-01;nan
2.025333300000000136e+01;5.665522217750549316e-01;3.135576546192169189e-01;nan
2.025666700000000020e+01;5.411459803581237793e-01;3.089036345481872559e-01;nan
2.025999900000000054e+01;4.957198500633239746e-01;3.023117482662200928e-01;nan
2.026333299999999937e+01;4.178225398063659668e-01;2.844892144203186035e-01;nan
2.026666600000000074e+01;3.763180077075958252e-01;2.556801736354827881e-01;nan
2.027000100000000060e+01;4.146486520767211914e-01;2.554360330104827881e-01;nan
2.027333300000000094e+01;4.625162184238433838e-01;2.605630457401275635e-01;nan
2.027666699999999977e+01;4.947432577610015869e-01;2.754558622837066650e-01;nan
2.028000000000000114e+01;4.691081047058105469e-01;2.725261449813842773e-01;nan
2.028333200000000147e+01;4.014648795127868652e-01;2.583657503128051758e-01;nan
2.028666600000000031e+01;4.134279489517211914e-01;2.539711594581604004e-01;nan
2.028999999999999915e+01;4.764324426651000977e-01;2.669108211994171143e-01;nan
2.029333300000000051e+01;5.169756412506103516e-01;2.798504531383514404e-01;nan
2.029666699999999935e+01;5.269855856895446777e-01;2.903486788272857666e-01;nan
2.029999899999999968e+01;5.140459537506103516e-01;2.886396646499633789e-01;nan
2.030333299999999852e+01;4.881513714790344238e-01;2.932783961296081543e-01;nan
2.030666700000000091e+01;4.341802000999450684e-01;2.739909887313842773e-01;nan
2.030999999999999872e+01;3.123216629028320312e-01;2.402838170528411865e-01;nan
2.031333199999999906e+01;2.039063125848770142e-01;1.819180548191070557e-01;nan
2.031666600000000145e+01;3.450522720813751221e-01;1.987792849540710449e-01;nan
2.032000000000000028e+01;5.116044878959655762e-01;2.441901266574859619e-01;nan
2.032333300000000165e+01;5.389486551284790039e-01;2.664225101470947266e-01;nan
2.032666599999999946e+01;5.450522899627685547e-01;2.830243408679962158e-01;nan
2.032999999999999829e+01;5.335775017738342285e-01;2.874189317226409912e-01;nan
2.033333400000000069e+01;4.905928075313568115e-01;2.854657769203186035e-01;nan
2.033666699999999850e+01;4.825360476970672607e-01;2.903486788272857666e-01;nan
2.033999999999999986e+01;4.297856092453002930e-01;2.688639760017395020e-01;nan
2.034333300000000122e+01;4.158693850040435791e-01;2.612954974174499512e-01;nan
2.034666599999999903e+01;4.808270335197448730e-01;2.739909887313842773e-01;nan
2.034999900000000039e+01;5.169756412506103516e-01;2.803387641906738281e-01;nan
2.035333299999999923e+01;5.055008530616760254e-01;2.830243408679962158e-01;nan
2.035666499999999957e+01;4.869306385517120361e-01;2.869306504726409912e-01;nan
2.035999899999999840e+01;4.464026987552642822e-01;2.778972983360290527e-01;nan
2.036333300000000079e+01;3.858396410942077637e-01;2.564125955104827881e-01;nan
2.036666599999999860e+01;3.860837817192077637e-01;2.415045350790023804e-01;nan
2.037000000000000099e+01;4.234378635883331299e-01;2.507972717285156250e-01;nan
2.037333299999999880e+01;4.666666686534881592e-01;2.586098909378051758e-01;nan
2.037666700000000120e+01;5.052567124366760254e-01;2.752117216587066650e-01;nan
2.037999900000000153e+01;5.028153061866760254e-01;2.783856093883514404e-01;nan
2.038333300000000037e+01;4.710612595081329346e-01;2.735027074813842773e-01;nan
2.038666600000000173e+01;3.992675542831420898e-01;2.556801736354827881e-01;nan
2.038999899999999954e+01;3.377279341220855713e-01;2.322270572185516357e-01;nan
2.039333299999999838e+01;2.368658035993576050e-01;1.850919425487518311e-01;nan
2.039666599999999974e+01;2.507972717285156250e-01;1.689784079790115356e-01;nan
2.039999999999999858e+01;3.858396410942077637e-01;1.968261301517486572e-01;nan
2.040333299999999994e+01;4.840009212493896484e-01;2.383306622505187988e-01;nan
2.040666699999999878e+01;5.006179809570312500e-01;2.476081550121307373e-01;nan
2.040999899999999911e+01;5.426108241081237793e-01;2.742351293563842773e-01;nan
2.041333300000000150e+01;5.843747854232788086e-01;2.971847057342529297e-01;nan
2.041666599999999931e+01;5.895017981529235840e-01;3.191729485988616943e-01;nan
2.042000000000000171e+01;5.523765683174133301e-01;3.147783577442169189e-01;nan
2.042333299999999952e+01;5.101396441459655762e-01;3.047531843185424805e-01;nan
2.042666699999999835e+01;4.752117097377777100e-01;2.993820011615753174e-01;nan
2.042999899999999869e+01;4.517738521099090576e-01;2.847333550453186035e-01;nan
2.043333300000000108e+01;4.266117215156555176e-01;2.727702856063842773e-01;nan
2.043666599999999889e+01;4.246585667133331299e-01;2.703288197517395020e-01;nan
2.044000000000000128e+01;4.437170922756195068e-01;2.681315243244171143e-01;nan
2.044333299999999909e+01;4.586099088191986084e-01;2.676432430744171143e-01;nan
2.044666600000000045e+01;4.647135138511657715e-01;2.710612714290618896e-01;nan
2.044999999999999929e+01;4.605630636215209961e-01;2.744792997837066650e-01;nan
2.045333199999999962e+01;4.630044996738433838e-01;2.764324545860290527e-01;nan
2.045666599999999846e+01;4.652017951011657715e-01;2.778972983360290527e-01;nan
2.046000000000000085e+01;4.534828662872314453e-01;2.739909887313842773e-01;nan
2.046333299999999866e+01;4.073243439197540283e-01;2.564125955104827881e-01;nan
2.046666600000000003e+01;2.876630723476409912e-01;2.183108329772949219e-01;nan
2.046999900000000139e+01;2.339360713958740234e-01;1.863126605749130249e-01;nan
2.047333199999999920e+01;3.726405799388885498e-01;2.019531577825546265e-01;nan
2.047666699999999906e+01;4.363774955272674561e-01;2.300297617912292480e-01;nan
2.047999899999999940e+01;4.676432311534881592e-01;2.500648498535156250e-01;nan
2.048333299999999824e+01;4.944991171360015869e-01;2.676432430744171143e-01;nan
2.048666599999999960e+01;4.195315539836883545e-01;2.488288730382919312e-01;nan
2.048999999999999844e+01;4.170901179313659668e-01;2.485847324132919312e-01;nan
2.049333299999999980e+01;5.260090231895446777e-01;2.749675810337066650e-01;nan
2.049666600000000116e+01;6.041504740715026855e-01;3.115892410278320312e-01;nan
2.050000000000000000e+01;5.970702767372131348e-01;3.177081048488616943e-01;nan
2.050333300000000136e+01;5.526207089424133301e-01;3.191729485988616943e-01;nan
2.050666599999999917e+01;5.059891939163208008e-01;3.079270720481872559e-01;nan
2.051000000000000156e+01;4.766765832901000977e-01;2.993820011615753174e-01;nan
2.051333299999999937e+01;4.725261330604553223e-01;2.949874103069305420e-01;nan
2.051666799999999924e+01;4.796063303947448730e-01;2.913252413272857666e-01;nan
2.051999899999999855e+01;4.771648645401000977e-01;2.901045382022857666e-01;nan
2.052333300000000094e+01;4.666666686534881592e-01;2.883955240249633789e-01;nan
2.052666699999999977e+01;4.485999941825866699e-01;2.778972983360290527e-01;nan
2.053000000000000114e+01;4.346685111522674561e-01;2.730144262313842773e-01;nan
2.053333200000000147e+01;4.373540878295898438e-01;2.710612714290618896e-01;nan
2.053666600000000031e+01;4.598306119441986084e-01;2.744792997837066650e-01;nan
2.053999900000000167e+01;4.739910066127777100e-01;2.747234404087066650e-01;nan
2.054333300000000051e+01;4.603189229965209961e-01;2.739909887313842773e-01;nan
2.054666599999999832e+01;4.097657799720764160e-01;2.595864832401275635e-01;nan
2.054999899999999968e+01;2.835126221179962158e-01;2.168459594249725342e-01;nan
2.055333200000000105e+01;1.841153651475906372e-01;1.665369719266891479e-01;nan
2.055666599999999988e+01;3.081712126731872559e-01;1.846036463975906372e-01;nan
2.055999999999999872e+01;5.023270249366760254e-01;2.288090288639068604e-01;nan
2.056333199999999906e+01;5.919432640075683594e-01;2.722819745540618896e-01;nan
2.056666699999999892e+01;5.858396291732788086e-01;3.018234670162200928e-01;nan
2.057000000000000028e+01;5.384603738784790039e-01;2.947432696819305420e-01;nan
2.057333399999999912e+01;4.144045114517211914e-01;2.700846791267395020e-01;nan
2.057666700000000048e+01;3.384603559970855713e-01;2.407721132040023804e-01;nan
2.057999999999999829e+01;3.890134990215301514e-01;2.402838170528411865e-01;nan
2.058333299999999966e+01;4.507972896099090576e-01;2.490730136632919312e-01;nan
2.058666600000000102e+01;5.096513032913208008e-01;2.659342288970947266e-01;nan
2.058999999999999986e+01;5.382162332534790039e-01;2.857099175453186035e-01;nan
2.059333300000000122e+01;5.284504294395446777e-01;2.908369600772857666e-01;nan
2.059666599999999903e+01;5.203936696052551270e-01;2.908369600772857666e-01;nan
2.059999900000000039e+01;5.037918686866760254e-01;2.903486788272857666e-01;nan
2.060333299999999923e+01;4.732585549354553223e-01;2.891279458999633789e-01;nan
2.060666600000000059e+01;4.534828662872314453e-01;2.744792997837066650e-01;nan
2.060999899999999840e+01;4.451819658279418945e-01;2.771648764610290527e-01;nan
2.061333300000000079e+01;4.493324160575866699e-01;2.720378339290618896e-01;nan
2.061666599999999860e+01;4.669108092784881592e-01;2.727702856063842773e-01;nan
2.061999899999999997e+01;4.813153147697448730e-01;2.796063125133514404e-01;nan
2.062333299999999880e+01;4.354009330272674561e-01;2.710612714290618896e-01;nan
2.062666700000000120e+01;3.934080898761749268e-01;2.539711594581604004e-01;nan
2.062999999999999901e+01;4.051270186901092529e-01;2.537270188331604004e-01;nan
2.063333300000000037e+01;3.941405415534973145e-01;2.466315776109695435e-01;nan
2.063666600000000173e+01;3.941405415534973145e-01;2.380865216255187988e-01;nan
2.064000000000000057e+01;4.593423306941986084e-01;2.544594407081604004e-01;nan
2.064333200000000090e+01;5.245441198348999023e-01;2.725261449813842773e-01;nan
2.064666599999999974e+01;4.124513566493988037e-01;2.520180046558380127e-01;nan
2.064999900000000110e+01;2.654459476470947266e-01;2.070801854133605957e-01;nan
2.065333299999999994e+01;3.177081048488616943e-01;1.997558623552322388e-01;nan
2.065666600000000130e+01;4.153811037540435791e-01;2.217288464307785034e-01;nan
2.065999899999999911e+01;4.647135138511657715e-01;2.427252680063247681e-01;nan
2.066333300000000150e+01;4.874189496040344238e-01;2.654459476470947266e-01;nan
2.066666599999999931e+01;5.177081227302551270e-01;2.717936933040618896e-01;nan
2.067000000000000171e+01;4.840009212493896484e-01;2.791180312633514404e-01;nan
2.067333299999999952e+01;4.461585283279418945e-01;2.713054120540618896e-01;nan
2.067666699999999835e+01;4.822919070720672607e-01;2.810711860656738281e-01;nan
2.067999999999999972e+01;5.377279520034790039e-01;2.908369600772857666e-01;nan
2.068333300000000108e+01;5.394369363784790039e-01;3.013351559638977051e-01;nan
2.068666699999999992e+01;4.539711475372314453e-01;2.842450737953186035e-01;nan
2.068999900000000025e+01;3.616540729999542236e-01;2.476081550121307373e-01;nan
2.069333299999999909e+01;3.733730018138885498e-01;2.393072396516799927e-01;nan
2.069666600000000045e+01;4.583657681941986084e-01;2.586098909378051758e-01;nan
2.069999899999999826e+01;5.194171071052551270e-01;2.778972983360290527e-01;nan
2.070333300000000065e+01;5.304036140441894531e-01;2.896162271499633789e-01;nan
2.070666599999999846e+01;4.957198500633239746e-01;2.918135225772857666e-01;nan
2.070999899999999982e+01;4.625162184238433838e-01;2.835126221179962158e-01;nan
2.071333299999999866e+01;4.503090083599090576e-01;2.747234404087066650e-01;nan
2.071666600000000003e+01;4.549477398395538330e-01;2.732585668563842773e-01;nan
2.071999900000000139e+01;4.649576544761657715e-01;2.783856093883514404e-01;nan
2.072333300000000023e+01;4.539711475372314453e-01;2.754558622837066650e-01;nan
2.072666600000000159e+01;4.302738904953002930e-01;2.686198353767395020e-01;nan
2.073000000000000043e+01;4.175783991813659668e-01;2.549477517604827881e-01;nan
2.073333200000000076e+01;4.263675808906555176e-01;2.583657503128051758e-01;nan
2.073666599999999960e+01;3.604333698749542236e-01;2.317387610673904419e-01;nan
2.073999999999999844e+01;2.444342672824859619e-01;1.926756650209426880e-01;nan
2.074333299999999980e+01;2.842450737953186035e-01;1.860685199499130249e-01;nan
2.074666600000000116e+01;3.765621483325958252e-01;2.017090171575546265e-01;nan
2.074999899999999897e+01;4.935225546360015869e-01;2.349126487970352173e-01;nan
2.075333300000000136e+01;5.589684844017028809e-01;2.695963978767395020e-01;nan
2.075666599999999917e+01;5.567712187767028809e-01;2.898603677749633789e-01;nan
2.075999900000000054e+01;4.957198500633239746e-01;2.866865098476409912e-01;nan
2.076333299999999937e+01;3.853513300418853760e-01;2.571450471878051758e-01;nan
2.076666600000000074e+01;4.000000059604644775e-01;2.537270188331604004e-01;nan
2.076999899999999855e+01;4.910810887813568115e-01;2.708171308040618896e-01;nan
2.077333300000000094e+01;5.072098970413208008e-01;2.793621718883514404e-01;nan
2.077666699999999977e+01;5.199053883552551270e-01;2.825360596179962158e-01;nan
2.077999900000000011e+01;5.013504028320312500e-01;2.832684814929962158e-01;nan
2.078333299999999895e+01;4.764324426651000977e-01;2.798504531383514404e-01;nan
2.078666700000000134e+01;4.686198234558105469e-01;2.874189317226409912e-01;nan
2.078999900000000167e+01;4.630044996738433838e-01;2.844892144203186035e-01;nan
2.079333300000000051e+01;4.600747823715209961e-01;2.766765952110290527e-01;nan
2.079666599999999832e+01;4.710612595081329346e-01;2.820477485656738281e-01;nan
2.079999899999999968e+01;5.020828843116760254e-01;2.827802002429962158e-01;nan
2.080333200000000105e+01;5.106279253959655762e-01;2.893720865249633789e-01;nan
2.080666599999999988e+01;4.947432577610015869e-01;2.935225367546081543e-01;nan
2.080999999999999872e+01;4.703288376331329346e-01;2.866865098476409912e-01;nan
2.081333300000000008e+01;4.520179927349090576e-01;2.791180312633514404e-01;nan
2.081666600000000145e+01;4.542153179645538330e-01;2.776531577110290527e-01;nan
2.082000000000000028e+01;4.710612595081329346e-01;2.793621718883514404e-01;nan
2.082333300000000165e+01;4.368658065795898438e-01;2.688639760017395020e-01;nan
2.082666599999999946e+01;3.665369749069213867e-01;2.439459860324859619e-01;nan
2.082999999999999829e+01;3.968261182308197021e-01;2.434576898813247681e-01;nan
2.083333299999999966e+01;3.426108062267303467e-01;2.246585786342620850e-01;nan
2.083666600000000102e+01;2.112306356430053711e-01;1.755703091621398926e-01;nan
2.083999899999999883e+01;2.603189051151275635e-01;1.677576899528503418e-01;nan
2.084333200000000019e+01;3.968261182308197021e-01;2.002441436052322388e-01;nan
2.084666700000000006e+01;5.396810770034790039e-01;2.463874220848083496e-01;nan
2.084999900000000039e+01;5.838864445686340332e-01;2.774090170860290527e-01;nan
2.085333299999999923e+01;5.733882784843444824e-01;2.996261417865753174e-01;nan
2.085666600000000059e+01;5.728999972343444824e-01;3.057297766208648682e-01;nan
2.085999899999999840e+01;5.902342200279235840e-01;3.245441317558288574e-01;nan
2.086333300000000079e+01;5.648432374000549316e-01;3.264972865581512451e-01;nan
2.086666599999999860e+01;5.181964039802551270e-01;3.142900764942169189e-01;nan
2.086999899999999997e+01;4.776531755924224854e-01;3.008468747138977051e-01;nan
2.087333299999999880e+01;4.588540494441986084e-01;2.930342555046081543e-01;nan
2.087666600000000017e+01;4.639810919761657715e-01;2.861982285976409912e-01;nan
2.087999900000000153e+01;4.788738787174224854e-01;2.869306504726409912e-01;nan
2.088333199999999934e+01;4.844892024993896484e-01;2.918135225772857666e-01;nan
2.088666600000000173e+01;4.732585549354553223e-01;2.876630723476409912e-01;nan
2.089000000000000057e+01;4.505531489849090576e-01;2.757000029087066650e-01;nan
2.089333299999999838e+01;4.317387640476226807e-01;2.693522572517395020e-01;nan
2.089666599999999974e+01;4.288090467453002930e-01;2.671549618244171143e-01;nan
2.089999900000000110e+01;4.087891876697540283e-01;2.510414421558380127e-01;nan
2.090333299999999994e+01;4.122072160243988037e-01;2.461432814598083496e-01;nan
2.090666600000000130e+01;4.515297114849090576e-01;2.627603709697723389e-01;nan
2.090999899999999911e+01;3.934080898761749268e-01;2.424811124801635742e-01;nan
2.091333300000000150e+01;3.684901297092437744e-01;2.302739024162292480e-01;nan
2.091666700000000034e+01;4.234378635883331299e-01;2.400396764278411865e-01;nan
2.091999900000000068e+01;4.573891758918762207e-01;2.525062859058380127e-01;nan
2.092333299999999952e+01;4.832684695720672607e-01;2.695963978767395020e-01;nan
2.092666600000000088e+01;4.420080780982971191e-01;2.578774690628051758e-01;nan
2.092999999999999972e+01;4.051270186901092529e-01;2.547035813331604004e-01;nan
2.093333300000000108e+01;4.183108210563659668e-01;2.500648498535156250e-01;nan
2.093666599999999889e+01;4.078126251697540283e-01;2.388189584016799927e-01;nan
2.093999900000000025e+01;4.542153179645538330e-01;2.549477517604827881e-01;nan
2.094333299999999909e+01;5.457847118377685547e-01;2.805829048156738281e-01;nan
2.094666700000000148e+01;5.606775283813476562e-01;3.013351559638977051e-01;nan
2.094999999999999929e+01;5.225909948348999023e-01;2.959640026092529297e-01;nan
2.095333300000000065e+01;4.896162450313568115e-01;2.949874103069305420e-01;nan
2.095666699999999949e+01;4.749675691127777100e-01;2.857099175453186035e-01;nan
2.096000000000000085e+01;4.830243289470672607e-01;2.927901148796081543e-01;nan
2.096333200000000119e+01;4.913252592086791992e-01;2.913252413272857666e-01;nan
2.096666600000000003e+01;4.759441614151000977e-01;2.940108478069305420e-01;nan
2.096999900000000139e+01;4.500648379325866699e-01;2.815594673156738281e-01;nan
2.097333300000000023e+01;4.334477782249450684e-01;2.705729901790618896e-01;nan
2.097666600000000159e+01;4.324711859226226807e-01;2.705729901790618896e-01;nan
2.098000000000000043e+01;4.507972896099090576e-01;2.693522572517395020e-01;nan
2.098333299999999824e+01;4.681315422058105469e-01;2.774090170860290527e-01;nan
2.098666700000000063e+01;4.556801617145538330e-01;2.769207358360290527e-01;nan
2.098999900000000096e+01;4.334477782249450684e-01;2.673991024494171143e-01;nan
2.099333199999999877e+01;4.209964275360107422e-01;2.593423426151275635e-01;nan
2.099666600000000116e+01;4.271000325679779053e-01;2.593423426151275635e-01;nan
2.100000000000000000e+01;4.485999941825866699e-01;2.637369334697723389e-01;nan
2.100333300000000136e+01;4.693522453308105469e-01;2.644693553447723389e-01;nan
2.100666599999999917e+01;4.661783874034881592e-01;2.703288197517395020e-01;nan
2.100999900000000054e+01;4.544594585895538330e-01;2.671549618244171143e-01;nan
2.101333299999999937e+01;4.417639374732971191e-01;2.661783695220947266e-01;nan
2.101666600000000074e+01;4.400549232959747314e-01;2.649576663970947266e-01;nan
2.101999899999999855e+01;4.566567540168762207e-01;2.652018070220947266e-01;nan
2.102333300000000094e+01;4.735026955604553223e-01;2.705729901790618896e-01;nan
2.102666599999999875e+01;4.664225280284881592e-01;2.798504531383514404e-01;nan
2.102999900000000011e+01;4.424963891506195068e-01;2.656900882720947266e-01;nan
2.103333299999999895e+01;4.249027371406555176e-01;2.630045115947723389e-01;nan
2.103666600000000031e+01;4.268558919429779053e-01;2.547035813331604004e-01;nan
2.103999999999999915e+01;4.490882754325866699e-01;2.637369334697723389e-01;nan
2.104333199999999948e+01;4.705729782581329346e-01;2.688639760017395020e-01;nan
2.104666599999999832e+01;4.669108092784881592e-01;2.708171308040618896e-01;nan
2.105000000000000071e+01;4.427405297756195068e-01;2.654459476470947266e-01;nan
2.105333299999999852e+01;4.236820042133331299e-01;2.639810740947723389e-01;nan
2.105666700000000091e+01;4.244144260883331299e-01;2.551918923854827881e-01;nan
2.105999900000000125e+01;4.444495439529418945e-01;2.617837786674499512e-01;nan
2.106333199999999906e+01;4.664225280284881592e-01;2.683756649494171143e-01;nan
2.106666600000000145e+01;4.656900763511657715e-01;2.693522572517395020e-01;nan
2.106999899999999926e+01;4.454261064529418945e-01;2.649576663970947266e-01;nan
2.107333200000000062e+01;4.273441731929779053e-01;2.581216096878051758e-01;nan
2.107666800000000151e+01;4.283207356929779053e-01;2.603189051151275635e-01;nan
2.107999999999999829e+01;4.473792612552642822e-01;2.630045115947723389e-01;nan
2.108333299999999966e+01;4.710612595081329346e-01;2.693522572517395020e-01;nan
2.108666600000000102e+01;4.688639640808105469e-01;2.727702856063842773e-01;nan
2.108999899999999883e+01;4.490882754325866699e-01;2.673991024494171143e-01;nan
2.109333300000000122e+01;4.302738904953002930e-01;2.647135257720947266e-01;nan
2.109666500000000156e+01;4.239261448383331299e-01;2.583657503128051758e-01;nan
2.110000000000000142e+01;4.407873749732971191e-01;2.551918923854827881e-01;nan
2.110333200000000176e+01;4.688639640808105469e-01;2.617837786674499512e-01;nan
2.110666700000000162e+01;4.735026955604553223e-01;2.705729901790618896e-01;nan
2.110999899999999840e+01;4.534828662872314453e-01;2.676432430744171143e-01;nan
2.111333300000000079e+01;4.310063421726226807e-01;2.573891878128051758e-01;nan
2.111666699999999963e+01;4.273441731929779053e-01;2.542153000831604004e-01;nan
2.111999899999999997e+01;4.454261064529418945e-01;2.581216096878051758e-01;nan
2.112333200000000133e+01;4.671549499034881592e-01;2.715495526790618896e-01;nan
2.112666600000000017e+01;4.673990905284881592e-01;2.757000029087066650e-01;nan
2.112999999999999901e+01;4.464026987552642822e-01;2.656900882720947266e-01;nan
2.113333300000000037e+01;4.278324544429779053e-01;2.603189051151275635e-01;nan
2.113666699999999921e+01;4.283207356929779053e-01;2.632486522197723389e-01;nan
2.114000000000000057e+01;4.471351206302642822e-01;2.593423426151275635e-01;nan
2.114333299999999838e+01;4.681315422058105469e-01;2.695963978767395020e-01;nan
2.114666599999999974e+01;4.705729782581329346e-01;2.749675810337066650e-01;nan
2.115000099999999961e+01;4.529945850372314453e-01;2.757000029087066650e-01;nan
2.115333299999999994e+01;4.336919188499450684e-01;2.627603709697723389e-01;nan
2.115666600000000130e+01;4.312504827976226807e-01;2.634927928447723389e-01;nan
2.116000000000000014e+01;4.473792612552642822e-01;2.678873836994171143e-01;nan
2.116333300000000150e+01;4.727702736854553223e-01;2.695963978767395020e-01;nan
2.116666599999999931e+01;4.771648645401000977e-01;2.725261449813842773e-01;nan
2.117000000000000171e+01;4.581216275691986084e-01;2.754558622837066650e-01;nan
2.117333299999999952e+01;4.361333549022674561e-01;2.700846791267395020e-01;nan
2.117666600000000088e+01;4.324711859226226807e-01;2.652018070220947266e-01;nan
2.117999999999999972e+01;4.459143877029418945e-01;2.632486522197723389e-01;nan
2.118333300000000108e+01;4.730144143104553223e-01;2.671549618244171143e-01;nan
2.118666699999999992e+01;4.818036258220672607e-01;2.786297500133514404e-01;nan
2.118999900000000025e+01;4.608072042465209961e-01;2.747234404087066650e-01;nan
2.119333200000000161e+01;4.368658065795898438e-01;2.739909887313842773e-01;nan
2.119666600000000045e+01;4.307622015476226807e-01;2.620279192924499512e-01;nan
2.119999899999999826e+01;4.442053735256195068e-01;2.671549618244171143e-01;nan
2.120333300000000065e+01;4.722819924354553223e-01;2.703288197517395020e-01;nan
2.120666699999999949e+01;4.781414568424224854e-01;2.759441435337066650e-01;nan
2.121000000000000085e+01;4.593423306941986084e-01;2.737468481063842773e-01;nan
2.121333200000000119e+01;4.398107826709747314e-01;2.676432430744171143e-01;nan
2.121666700000000105e+01;4.327153563499450684e-01;2.637369334697723389e-01;nan
2.121999900000000139e+01;4.498206973075866699e-01;2.642252147197723389e-01;nan
2.122333199999999920e+01;4.781414568424224854e-01;2.752117216587066650e-01;nan
2.122666699999999906e+01;4.842450618743896484e-01;2.796063125133514404e-01;nan
2.122999899999999940e+01;4.664225280284881592e-01;2.803387641906738281e-01;nan
2.123333299999999824e+01;4.488441348075866699e-01;2.798504531383514404e-01;nan
2.123666599999999960e+01;4.422522187232971191e-01;2.695963978767395020e-01;nan
2.123999999999999844e+01;4.542153179645538330e-01;2.669108211994171143e-01;nan
2.124333100000000130e+01;4.766765832901000977e-01;2.774090170860290527e-01;nan
2.124666600000000116e+01;4.840009212493896484e-01;2.847333550453186035e-01;nan
2.125000000000000000e+01;4.700846970081329346e-01;2.800945937633514404e-01;nan
2.125333300000000136e+01;4.485999941825866699e-01;2.720378339290618896e-01;nan
2.125666700000000020e+01;4.381017684936523438e-01;2.676432430744171143e-01;nan
2.126000000000000156e+01;4.488441348075866699e-01;2.654459476470947266e-01;nan
2.126333299999999937e+01;4.717937111854553223e-01;2.725261449813842773e-01;nan
2.126666600000000074e+01;4.818036258220672607e-01;2.800945937633514404e-01;nan
2.126999999999999957e+01;4.698405563831329346e-01;2.769207358360290527e-01;nan
2.127333300000000094e+01;4.485999941825866699e-01;2.752117216587066650e-01;nan
2.127666599999999875e+01;4.415197968482971191e-01;2.683756649494171143e-01;nan
2.128000000000000114e+01;4.529945850372314453e-01;2.654459476470947266e-01;nan
2.128333200000000147e+01;4.766765832901000977e-01;2.752117216587066650e-01;nan
2.128666600000000031e+01;4.876630902290344238e-01;2.796063125133514404e-01;nan
2.128999999999999915e+01;4.717937111854553223e-01;2.803387641906738281e-01;nan
2.129333300000000051e+01;4.507972896099090576e-01;2.747234404087066650e-01;nan
2.129666599999999832e+01;4.405432343482971191e-01;2.720378339290618896e-01;nan
2.129999899999999968e+01;4.505531489849090576e-01;2.666666805744171143e-01;nan
2.130333299999999852e+01;4.764324426651000977e-01;2.783856093883514404e-01;nan
2.130666700000000091e+01;4.883955121040344238e-01;2.842450737953186035e-01;nan
2.130999999999999872e+01;4.759441614151000977e-01;2.781414389610290527e-01;nan
2.131333300000000008e+01;4.542153179645538330e-01;2.735027074813842773e-01;nan
2.131666500000000042e+01;4.429846704006195068e-01;2.688639760017395020e-01;nan
2.131999899999999926e+01;4.510414302349090576e-01;2.688639760017395020e-01;nan
2.132333300000000165e+01;4.757000207901000977e-01;2.788738906383514404e-01;nan
2.132666599999999946e+01;4.886396527290344238e-01;2.847333550453186035e-01;nan
2.132999900000000082e+01;4.774090051651000977e-01;2.849774956703186035e-01;nan
2.133333400000000069e+01;4.556801617145538330e-01;2.776531577110290527e-01;nan
2.133666699999999850e+01;4.437170922756195068e-01;2.691081166267395020e-01;nan
2.133999999999999986e+01;4.522621631622314453e-01;2.695963978767395020e-01;nan
2.134333300000000122e+01;4.754558503627777100e-01;2.783856093883514404e-01;nan
2.134666599999999903e+01;4.903486669063568115e-01;2.886396646499633789e-01;nan
2.134999900000000039e+01;4.776531755924224854e-01;2.837567627429962158e-01;nan
2.135333299999999923e+01;4.529945850372314453e-01;2.771648764610290527e-01;nan
2.135666600000000059e+01;4.407873749732971191e-01;2.749675810337066650e-01;nan
2.135999999999999943e+01;4.468909800052642822e-01;2.715495526790618896e-01;nan
2.136333300000000079e+01;4.742351472377777100e-01;2.730144262313842773e-01;nan
2.136666599999999860e+01;4.920576810836791992e-01;2.874189317226409912e-01;nan
2.136999899999999997e+01;4.813153147697448730e-01;2.854657769203186035e-01;nan
2.137333299999999880e+01;4.603189229965209961e-01;2.774090170860290527e-01;nan
2.137666700000000120e+01;4.464026987552642822e-01;2.754558622837066650e-01;nan
2.137999999999999901e+01;4.512855708599090576e-01;2.759441435337066650e-01;nan
2.138333300000000037e+01;4.725261330604553223e-01;2.788738906383514404e-01;nan
2.138666600000000173e+01;4.905928075313568115e-01;2.830243408679962158e-01;nan
2.139000000000000057e+01;4.849774837493896484e-01;2.849774956703186035e-01;nan
2.139333299999999838e+01;4.661783874034881592e-01;2.788738906383514404e-01;nan
2.139666599999999974e+01;4.539711475372314453e-01;2.783856093883514404e-01;nan
2.139999999999999858e+01;4.559243023395538330e-01;2.725261449813842773e-01;nan
2.140333199999999891e+01;4.783855974674224854e-01;2.769207358360290527e-01;nan
2.140666600000000130e+01;4.954757094383239746e-01;2.923018336296081543e-01;nan
2.141000000000000014e+01;4.891279339790344238e-01;2.861982285976409912e-01;nan
2.141333300000000150e+01;4.673990905284881592e-01;2.881513833999633789e-01;nan
2.141666599999999931e+01;4.534828662872314453e-01;2.766765952110290527e-01;nan
2.141999900000000068e+01;4.551918804645538330e-01;2.744792997837066650e-01;nan
2.142333400000000054e+01;4.749675691127777100e-01;2.803387641906738281e-01;nan
2.142666699999999835e+01;4.964522719383239746e-01;2.869306504726409912e-01;nan
2.142999899999999869e+01;4.937666952610015869e-01;2.913252413272857666e-01;nan
2.143333300000000108e+01;4.703288376331329346e-01;2.827802002429962158e-01;nan
2.143666699999999992e+01;4.537270069122314453e-01;2.761882841587066650e-01;nan
2.144000000000000128e+01;4.569008946418762207e-01;2.818036079406738281e-01;nan
2.144333299999999909e+01;4.781414568424224854e-01;2.820477485656738281e-01;nan
2.144666600000000045e+01;4.981612861156463623e-01;2.942549884319305420e-01;nan
2.144999899999999826e+01;4.940108358860015869e-01;2.898603677749633789e-01;nan
2.145333199999999962e+01;4.713054001331329346e-01;2.903486788272857666e-01;nan
2.145666699999999949e+01;4.547035992145538330e-01;2.786297500133514404e-01;nan
2.146000000000000085e+01;4.581216275691986084e-01;2.759441435337066650e-01;nan
2.146333200000000119e+01;4.798504710197448730e-01;2.859540581703186035e-01;nan
2.146666600000000003e+01;5.011062622070312500e-01;2.808270454406738281e-01;nan
2.146999900000000139e+01;4.949873983860015869e-01;2.908369600772857666e-01;nan
2.147333300000000023e+01;4.715495407581329346e-01;2.869306504726409912e-01;nan
2.147666699999999906e+01;4.539711475372314453e-01;2.810711860656738281e-01;nan
2.147999899999999940e+01;4.544594585895538330e-01;2.759441435337066650e-01;nan
2.148333299999999824e+01;4.742351472377777100e-01;2.798504531383514404e-01;nan
2.148666700000000063e+01;4.947432577610015869e-01;2.827802002429962158e-01;nan
2.148999900000000096e+01;4.930342435836791992e-01;2.879072129726409912e-01;nan
2.149333199999999877e+01;4.705729782581329346e-01;2.835126221179962158e-01;nan
2.149666600000000116e+01;4.539711475372314453e-01;2.742351293563842773e-01;nan
2.149999899999999897e+01;4.537270069122314453e-01;2.754558622837066650e-01;nan
2.150333200000000033e+01;4.727702736854553223e-01;2.739909887313842773e-01;nan
2.150666599999999917e+01;4.937666952610015869e-01;2.825360596179962158e-01;nan
2.151000000000000156e+01;4.915693998336791992e-01;2.918135225772857666e-01;nan
2.151333299999999937e+01;4.688639640808105469e-01;2.847333550453186035e-01;nan
2.151666600000000074e+01;4.503090083599090576e-01;2.771648764610290527e-01;nan
2.151999999999999957e+01;4.473792612552642822e-01;2.720378339290618896e-01;nan
2.152333199999999991e+01;4.681315422058105469e-01;2.747234404087066650e-01;nan
2.152666599999999875e+01;4.893721044063568115e-01;2.871747910976409912e-01;nan
2.153000099999999861e+01;4.896162450313568115e-01;2.852216362953186035e-01;nan
2.153333399999999997e+01;4.683756828308105469e-01;2.869306504726409912e-01;nan
2.153666700000000134e+01;4.481116831302642822e-01;2.827802002429962158e-01;nan
2.153999900000000167e+01;4.500648379325866699e-01;2.783856093883514404e-01;nan
2.154333300000000051e+01;4.698405563831329346e-01;2.749675810337066650e-01;nan
2.154666599999999832e+01;4.898603856563568115e-01;2.864423692226409912e-01;nan
2.155000000000000071e+01;4.896162450313568115e-01;2.883955240249633789e-01;nan
2.155333299999999852e+01;4.693522453308105469e-01;2.827802002429962158e-01;nan
2.155666599999999988e+01;4.488441348075866699e-01;2.759441435337066650e-01;nan
2.155999900000000125e+01;4.471351206302642822e-01;2.688639760017395020e-01;nan
2.156333300000000008e+01;4.642252326011657715e-01;2.761882841587066650e-01;nan
2.156666600000000145e+01;4.847333431243896484e-01;2.805829048156738281e-01;nan
2.156999899999999926e+01;4.859540760517120361e-01;2.798504531383514404e-01;nan
2.157333300000000165e+01;4.666666686534881592e-01;2.857099175453186035e-01;nan
2.157666599999999946e+01;4.468909800052642822e-01;2.744792997837066650e-01;nan
2.157999900000000082e+01;4.432288110256195068e-01;2.691081166267395020e-01;nan
2.158333299999999966e+01;4.615396261215209961e-01;2.715495526790618896e-01;nan
2.158666699999999850e+01;4.861982166767120361e-01;2.825360596179962158e-01;nan
2.158999999999999986e+01;4.908369481563568115e-01;2.854657769203186035e-01;nan
2.159333300000000122e+01;4.695963859558105469e-01;2.837567627429962158e-01;nan
2.159666599999999903e+01;4.500648379325866699e-01;2.739909887313842773e-01;nan
2.159999900000000039e+01;4.449378252029418945e-01;2.742351293563842773e-01;nan
2.160333200000000176e+01;4.593423306941986084e-01;2.713054120540618896e-01;nan
2.160666600000000059e+01;4.815594851970672607e-01;2.776531577110290527e-01;nan
2.160999999999999943e+01;4.879072308540344238e-01;2.830243408679962158e-01;nan
2.161333300000000079e+01;4.700846970081329346e-01;2.783856093883514404e-01;nan
2.161666599999999860e+01;4.483558535575866699e-01;2.793621718883514404e-01;nan
2.162000000000000099e+01;4.415197968482971191e-01;2.661783695220947266e-01;nan
2.162333200000000133e+01;4.561684727668762207e-01;2.747234404087066650e-01;nan
2.162666600000000017e+01;4.820477664470672607e-01;2.810711860656738281e-01;nan
2.162999900000000153e+01;4.888837933540344238e-01;2.832684814929962158e-01;nan
2.163333300000000037e+01;4.695963859558105469e-01;2.800945937633514404e-01;nan
2.163666600000000173e+01;4.471351206302642822e-01;2.761882841587066650e-01;nan
2.163999899999999954e+01;4.390783607959747314e-01;2.669108211994171143e-01;nan
2.164333299999999838e+01;4.507972896099090576e-01;2.639810740947723389e-01;nan
2.164666700000000077e+01;4.761883020401000977e-01;2.752117216587066650e-01;nan
2.164999900000000110e+01;4.847333431243896484e-01;2.822919189929962158e-01;nan
2.165333299999999994e+01;4.673990905284881592e-01;2.781414389610290527e-01;nan
2.165666600000000130e+01;4.468909800052642822e-01;2.759441435337066650e-01;nan
2.166000000000000014e+01;4.424963891506195068e-01;2.717936933040618896e-01;nan
2.166333300000000150e+01;4.549477398395538330e-01;2.671549618244171143e-01;nan
2.166666700000000034e+01;4.776531755924224854e-01;2.732585668563842773e-01;nan
2.167000000000000171e+01;4.825360476970672607e-01;2.791180312633514404e-01;nan
2.167333299999999952e+01;4.647135138511657715e-01;2.788738906383514404e-01;nan
2.167666600000000088e+01;4.471351206302642822e-01;2.788738906383514404e-01;nan
2.167999899999999869e+01;4.415197968482971191e-01;2.686198353767395020e-01;nan
2.168333300000000108e+01;4.520179927349090576e-01;2.732585668563842773e-01;nan
2.168666599999999889e+01;4.764324426651000977e-01;2.798504531383514404e-01;nan
2.169000000000000128e+01;4.864423573017120361e-01;2.786297500133514404e-01;nan
2.169333299999999909e+01;4.722819924354553223e-01;2.825360596179962158e-01;nan
2.169666600000000045e+01;4.503090083599090576e-01;2.771648764610290527e-01;nan
2.169999899999999826e+01;4.412756562232971191e-01;2.713054120540618896e-01;nan
2.170333300000000065e+01;4.507972896099090576e-01;2.705729901790618896e-01;nan
2.170666599999999846e+01;4.732585549354553223e-01;2.710612714290618896e-01;nan
2.171000000000000085e+01;4.837567806243896484e-01;2.810711860656738281e-01;nan
2.171333299999999866e+01;4.676432311534881592e-01;2.803387641906738281e-01;nan
2.171666700000000105e+01;4.454261064529418945e-01;2.766765952110290527e-01;nan
2.171999900000000139e+01;4.349126517772674561e-01;2.686198353767395020e-01;nan
2.172333199999999920e+01;4.449378252029418945e-01;2.669108211994171143e-01;nan
2.172666699999999906e+01;4.708171188831329346e-01;2.693522572517395020e-01;nan
2.173000000000000043e+01;4.861982166767120361e-01;2.822919189929962158e-01;nan
2.173333299999999824e+01;4.710612595081329346e-01;2.803387641906738281e-01;nan
2.173666700000000063e+01;4.493324160575866699e-01;2.717936933040618896e-01;nan
2.173999999999999844e+01;4.373540878295898438e-01;2.676432430744171143e-01;nan
2.174333299999999980e+01;4.490882754325866699e-01;2.727702856063842773e-01;nan
2.174666699999999864e+01;4.735026955604553223e-01;2.752117216587066650e-01;nan
2.174999899999999897e+01;4.864423573017120361e-01;2.769207358360290527e-01;nan
2.175333300000000136e+01;4.713054001331329346e-01;2.810711860656738281e-01;nan
2.175666599999999917e+01;4.481116831302642822e-01;2.698405385017395020e-01;nan
2.175999900000000054e+01;4.366216659545898438e-01;2.686198353767395020e-01;nan
2.176333299999999937e+01;4.434729516506195068e-01;2.713054120540618896e-01;nan
2.176666600000000074e+01;4.661783874034881592e-01;2.708171308040618896e-01;nan
2.176999899999999855e+01;4.805828928947448730e-01;2.813153266906738281e-01;nan
2.177333300000000094e+01;4.688639640808105469e-01;2.735027074813842773e-01;nan
2.177666500000000127e+01;4.459143877029418945e-01;2.713054120540618896e-01;nan
2.178000000000000114e+01;4.324711859226226807e-01;2.661783695220947266e-01;nan
2.178333299999999895e+01;4.395666420459747314e-01;2.627603709697723389e-01;nan
2.178666499999999928e+01;4.617837667465209961e-01;2.644693553447723389e-01;nan
2.178999999999999915e+01;4.759441614151000977e-01;2.781414389610290527e-01;nan
2.179333400000000154e+01;4.642252326011657715e-01;2.757000029087066650e-01;nan
2.179666599999999832e+01;4.412756562232971191e-01;2.671549618244171143e-01;nan
2.180000000000000071e+01;4.263675808906555176e-01;2.605630457401275635e-01;nan
2.180333299999999852e+01;4.307622015476226807e-01;2.630045115947723389e-01;nan
2.180666599999999988e+01;4.517738521099090576e-01;2.681315243244171143e-01;nan
2.180999900000000125e+01;4.669108092784881592e-01;2.752117216587066650e-01;nan
2.181333199999999906e+01;4.559243023395538330e-01;2.669108211994171143e-01;nan
2.181666699999999892e+01;4.339360594749450684e-01;2.666666805744171143e-01;nan
2.182000000000000028e+01;4.192874133586883545e-01;2.593423426151275635e-01;nan
2.182333300000000165e+01;4.224612712860107422e-01;2.515297234058380127e-01;nan
2.182666599999999946e+01;4.400549232959747314e-01;2.527504265308380127e-01;nan
2.182999999999999829e+01;4.549477398395538330e-01;2.642252147197723389e-01;nan
2.183333199999999863e+01;4.459143877029418945e-01;2.571450471878051758e-01;nan
2.183666600000000102e+01;4.212405681610107422e-01;2.542153000831604004e-01;nan
2.183999999999999986e+01;4.051270186901092529e-01;2.510414421558380127e-01;nan
2.184333300000000122e+01;4.063477516174316406e-01;2.385748028755187988e-01;nan
2.184666700000000006e+01;4.256351590156555176e-01;2.490730136632919312e-01;nan
2.185000000000000142e+01;4.393225014209747314e-01;2.478522956371307373e-01;nan
2.185333299999999923e+01;4.268558919429779053e-01;2.473639994859695435e-01;nan
2.185666600000000059e+01;4.036621749401092529e-01;2.419928312301635742e-01;nan
2.185999999999999943e+01;3.902342319488525391e-01;2.417486906051635742e-01;nan
2.186333300000000079e+01;3.946288228034973145e-01;2.314946204423904419e-01;nan
2.186666599999999860e+01;4.170901179313659668e-01;2.371099442243576050e-01;nan
2.187000000000000099e+01;4.381017684936523438e-01;2.415045350790023804e-01;nan
2.187333399999999983e+01;4.332036375999450684e-01;2.515297234058380127e-01;nan
2.187666600000000017e+01;4.126954972743988037e-01;2.466315776109695435e-01;nan
2.187999900000000153e+01;3.965819776058197021e-01;2.373540848493576050e-01;nan
2.188333199999999934e+01;3.978027105331420898e-01;2.351567894220352173e-01;nan
2.188666600000000173e+01;4.156252443790435791e-01;2.412603944540023804e-01;nan
2.188999899999999954e+01;4.354009330272674561e-01;2.463874220848083496e-01;nan
2.189333200000000090e+01;4.300297498703002930e-01;2.485847324132919312e-01;nan
2.189666499999999871e+01;4.083009064197540283e-01;2.378423810005187988e-01;nan
2.189999900000000110e+01;3.926756680011749268e-01;2.341802120208740234e-01;nan
2.190333299999999994e+01;3.931639492511749268e-01;2.290531843900680542e-01;nan
2.190666699999999878e+01;4.151369631290435791e-01;2.395513802766799927e-01;nan
2.190999899999999911e+01;4.368658065795898438e-01;2.434576898813247681e-01;nan
2.191333300000000150e+01;4.339360594749450684e-01;2.471198588609695435e-01;nan
2.191666599999999931e+01;4.112306535243988037e-01;2.451667040586471558e-01;nan
2.192000000000000171e+01;3.899900913238525391e-01;2.332036346197128296e-01;nan
2.192333199999999849e+01;3.897459506988525391e-01;2.339360713958740234e-01;nan
2.192666600000000088e+01;4.124513566493988037e-01;2.351567894220352173e-01;nan
2.192999899999999869e+01;4.378576278686523438e-01;2.429694086313247681e-01;nan
2.193333200000000005e+01;4.381017684936523438e-01;2.456550002098083496e-01;nan
2.193666599999999889e+01;4.178225398063659668e-01;2.471198588609695435e-01;nan
2.194000000000000128e+01;4.024414420127868652e-01;2.412603944540023804e-01;nan
2.194333299999999909e+01;4.041504561901092529e-01;2.371099442243576050e-01;nan
2.194666600000000045e+01;4.256351590156555176e-01;2.415045350790023804e-01;nan
2.194999899999999826e+01;4.515297114849090576e-01;2.512855827808380127e-01;nan
2.195333300000000065e+01;4.559243023395538330e-01;2.637369334697723389e-01;nan
2.195666599999999846e+01;4.393225014209747314e-01;2.539711594581604004e-01;nan
2.195999899999999982e+01;4.231937229633331299e-01;2.512855827808380127e-01;nan
2.196333299999999866e+01;4.273441731929779053e-01;2.495613098144531250e-01;nan
2.196666600000000003e+01;4.503090083599090576e-01;2.620279192924499512e-01;nan
2.196999999999999886e+01;4.774090051651000977e-01;2.649576663970947266e-01;nan
2.197333400000000125e+01;4.820477664470672607e-01;2.781414389610290527e-01;nan
2.197666600000000159e+01;4.630044996738433838e-01;2.781414389610290527e-01;nan
2.198000000000000043e+01;4.459143877029418945e-01;2.691081166267395020e-01;nan
2.198333299999999824e+01;4.461585283279418945e-01;2.686198353767395020e-01;nan
2.198666700000000063e+01;4.678874015808105469e-01;2.735027074813842773e-01;nan
2.198999900000000096e+01;4.930342435836791992e-01;2.788738906383514404e-01;nan
2.199333199999999877e+01;4.940108358860015869e-01;2.908369600772857666e-01;nan
2.199666699999999864e+01;4.742351472377777100e-01;2.879072129726409912e-01;nan
2.200000000000000000e+01;4.566567540168762207e-01;2.822919189929962158e-01;nan
2.200333300000000136e+01;4.512855708599090576e-01;2.766765952110290527e-01;nan
2.200666599999999917e+01;4.656900763511657715e-01;2.749675810337066650e-01;nan
2.200999900000000054e+01;4.849774837493896484e-01;2.861982285976409912e-01;nan
2.201333299999999937e+01;4.835126399993896484e-01;2.896162271499633789e-01;nan
2.201666600000000074e+01;4.603189229965209961e-01;2.776531577110290527e-01;nan
2.201999999999999957e+01;4.371099472045898438e-01;2.735027074813842773e-01;nan
2.202333300000000094e+01;4.310063421726226807e-01;2.654459476470947266e-01;nan
2.202666699999999977e+01;4.461585283279418945e-01;2.691081166267395020e-01;nan
2.202999900000000011e+01;4.725261330604553223e-01;2.739909887313842773e-01;nan
2.203333200000000147e+01;4.805828928947448730e-01;2.761882841587066650e-01;nan
2.203666600000000031e+01;4.644693732261657715e-01;2.818036079406738281e-01;nan
2.203999900000000167e+01;4.456702470779418945e-01;2.749675810337066650e-01;nan
2.204333300000000051e+01;4.417639374732971191e-01;2.656900882720947266e-01;nan
2.204666599999999832e+01;4.576333165168762207e-01;2.654459476470947266e-01;nan
2.205000000000000071e+01;4.822919070720672607e-01;2.803387641906738281e-01;nan
2.205333299999999852e+01;4.891279339790344238e-01;2.864423692226409912e-01;nan
2.205666700000000091e+01;4.715495407581329346e-01;2.776531577110290527e-01;nan
2.205999999999999872e+01;4.510414302349090576e-01;2.778972983360290527e-01;nan
2.206333300000000008e+01;4.449378252029418945e-01;2.715495526790618896e-01;nan
2.206666699999999892e+01;4.590981900691986084e-01;2.715495526790618896e-01;nan
2.206999899999999926e+01;4.866864979267120361e-01;2.818036079406738281e-01;nan
2.207333300000000165e+01;4.971847236156463623e-01;2.915693819522857666e-01;nan
2.207666599999999946e+01;4.822919070720672607e-01;2.913252413272857666e-01;nan
2.207999900000000082e+01;4.637369215488433838e-01;2.805829048156738281e-01;nan
2.208333400000000069e+01;4.564126133918762207e-01;2.800945937633514404e-01;nan
2.208666600000000102e+01;4.705729782581329346e-01;2.818036079406738281e-01;nan
2.208999899999999883e+01;4.969405531883239746e-01;2.883955240249633789e-01;nan
2.209333300000000122e+01;5.055008530616760254e-01;2.901045382022857666e-01;nan
2.209666599999999903e+01;4.901045262813568115e-01;2.891279458999633789e-01;nan
2.209999900000000039e+01;4.700846970081329346e-01;2.830243408679962158e-01;nan
2.210333200000000176e+01;4.627603590488433838e-01;2.852216362953186035e-01;nan
2.210666600000000059e+01;4.754558503627777100e-01;2.840009033679962158e-01;nan
2.210999999999999943e+01;4.988937079906463623e-01;2.920576930046081543e-01;nan
2.211333300000000079e+01;5.076981782913208008e-01;2.930342555046081543e-01;nan
2.211666599999999860e+01;4.888837933540344238e-01;2.918135225772857666e-01;nan
2.212000000000000099e+01;4.661783874034881592e-01;2.886396646499633789e-01;nan
2.212333299999999880e+01;4.556801617145538330e-01;2.854657769203186035e-01;nan
2.212666600000000017e+01;4.644693732261657715e-01;2.849774956703186035e-01;nan
2.213000100000000003e+01;4.913252592086791992e-01;2.864423692226409912e-01;nan
2.213333300000000037e+01;4.993820190429687500e-01;2.984054386615753174e-01;nan
2.213666600000000173e+01;4.859540760517120361e-01;2.903486788272857666e-01;nan
2.214000000000000057e+01;4.644693732261657715e-01;2.866865098476409912e-01;nan
2.214333299999999838e+01;4.549477398395538330e-01;2.805829048156738281e-01;nan
2.214666599999999974e+01;4.632486402988433838e-01;2.800945937633514404e-01;nan
2.214999900000000110e+01;4.844892024993896484e-01;2.864423692226409912e-01;nan
2.215333299999999994e+01;4.947432577610015869e-01;2.959640026092529297e-01;nan
2.215666600000000130e+01;4.827801883220672607e-01;2.920576930046081543e-01;nan
2.216000000000000014e+01;4.622720777988433838e-01;2.822919189929962158e-01;nan
2.216333200000000048e+01;4.539711475372314453e-01;2.820477485656738281e-01;nan
2.216666599999999931e+01;4.659342467784881592e-01;2.805829048156738281e-01;nan
2.216999799999999965e+01;4.903486669063568115e-01;2.861982285976409912e-01;nan
2.217333299999999952e+01;5.030594468116760254e-01;2.903486788272857666e-01;nan
2.217666600000000088e+01;4.901045262813568115e-01;2.905928194522857666e-01;nan
2.217999899999999869e+01;4.693522453308105469e-01;2.852216362953186035e-01;nan
2.218333300000000108e+01;4.593423306941986084e-01;2.764324545860290527e-01;nan
2.218666699999999992e+01;4.691081047058105469e-01;2.783856093883514404e-01;nan
2.218999900000000025e+01;4.944991171360015869e-01;2.840009033679962158e-01;nan
2.219333299999999909e+01;5.111162066459655762e-01;2.942549884319305420e-01;nan
2.219666600000000045e+01;5.015945434570312500e-01;2.903486788272857666e-01;nan
2.219999899999999826e+01;4.796063303947448730e-01;2.830243408679962158e-01;nan
2.220333300000000065e+01;4.634927809238433838e-01;2.803387641906738281e-01;nan
2.220666699999999949e+01;4.666666686534881592e-01;2.847333550453186035e-01;nan
2.220999899999999982e+01;4.888837933540344238e-01;2.854657769203186035e-01;nan
2.221333200000000119e+01;5.020828843116760254e-01;2.896162271499633789e-01;nan
2.221666600000000003e+01;4.925459623336791992e-01;2.918135225772857666e-01;nan
2.221999900000000139e+01;4.713054001331329346e-01;2.852216362953186035e-01;nan
2.222333199999999920e+01;4.564126133918762207e-01;2.827802002429962158e-01;nan
2.222666600000000159e+01;4.610513448715209961e-01;2.774090170860290527e-01;nan
2.223000000000000043e+01;4.844892024993896484e-01;2.822919189929962158e-01;nan
2.223333299999999824e+01;5.003738403320312500e-01;2.800945937633514404e-01;nan
2.223666700000000063e+01;4.901045262813568115e-01;2.820477485656738281e-01;nan
2.223999999999999844e+01;4.720378518104553223e-01;2.859540581703186035e-01;nan
2.224333299999999980e+01;4.595864713191986084e-01;2.825360596179962158e-01;nan
2.224666600000000116e+01;4.637369215488433838e-01;2.805829048156738281e-01;nan
2.224999800000000150e+01;4.866864979267120361e-01;2.820477485656738281e-01;nan
2.225333300000000136e+01;5.040360093116760254e-01;2.820477485656738281e-01;nan
2.225666700000000020e+01;4.966964125633239746e-01;2.910811007022857666e-01;nan
2.225999900000000054e+01;4.771648645401000977e-01;2.896162271499633789e-01;nan
2.226333199999999835e+01;4.630044996738433838e-01;2.857099175453186035e-01;nan
2.226666600000000074e+01;4.647135138511657715e-01;2.835126221179962158e-01;nan
2.226999899999999855e+01;4.874189496040344238e-01;2.842450737953186035e-01;nan
2.227333300000000094e+01;5.069657564163208008e-01;2.915693819522857666e-01;nan
2.227666599999999875e+01;4.981612861156463623e-01;2.981612980365753174e-01;nan
2.228000000000000114e+01;4.737468659877777100e-01;2.891279458999633789e-01;nan
2.228333299999999895e+01;4.590981900691986084e-01;2.844892144203186035e-01;nan
2.228666600000000031e+01;4.630044996738433838e-01;2.840009033679962158e-01;nan
2.228999999999999915e+01;4.835126399993896484e-01;2.837567627429962158e-01;nan
2.229333300000000051e+01;5.008621215820312500e-01;2.825360596179962158e-01;nan
2.229666599999999832e+01;4.923018217086791992e-01;2.874189317226409912e-01;nan
2.229999899999999968e+01;4.717937111854553223e-01;2.820477485656738281e-01;nan
2.230333299999999852e+01;4.571450352668762207e-01;2.774090170860290527e-01;nan
2.230666499999999886e+01;4.605630636215209961e-01;2.786297500133514404e-01;nan
2.230999900000000125e+01;4.832684695720672607e-01;2.844892144203186035e-01;nan
2.231333300000000008e+01;5.013504028320312500e-01;2.840009033679962158e-01;nan
